dataset_name,run_name,model_name,model_type,max_seq_length,finetuning_method,optim,learning_rate,lr_scheduler_type,warmup_steps,warmup_ratio,per_device_train_batch_size,per_device_eval_batch_size,gradient_accumulation_steps,eval_accumulation_steps,num_train_epochs,evaluation_strategy,eval_steps,metric_for_best_model,torch_dtype,gpu,gpu_count,max_gpu_0_mem_percent,max_gpu_0_mem_gb,max_gpu_1_mem_percent,max_gpu_1_mem_gb,distributed_training_method,weight_decay,max_grad_norm,lora_rank,lora_alpha,lora_target_modules,train/loss,eval/loss,test/loss,eval/accuracy,test/accuracy,eval/f1_macro,test/f1_macro,train_runtime,eval/runtime,test/runtime,_runtime
twitter,google/gemma_7b_LoRA_MAdAiLab/twitter_disaster_default,unknown,gemma,512,LoRA,adamw_torch,1e-05,linear,0,0,32,32,1,100.0,3,steps,50,loss,bfloat16,NVIDIA RTX A6000,2,77.89,37.378662109375,77.6,37.23895263671875,deepspeed_stage1,0.1,1,128,256,"'v_proj', 'q_proj', 'down_proj', 'k_proj', 'gate_proj', 'o_proj', 'up_proj'",0.3343,0.5244140625,0.517463207244873,0.7628676470588235,0.7610294117647058,0.7253761715616256,0.7249608170281612,5311.1389,59.8691,60.5739,5438.5314309597015
scotus,google/gemma_7b_LoRA_coastalcph/lex_glue_scotus,unknown,gemma,512,LoRA,adamw_torch,1e-05,linear,0,0,32,32,1,100.0,3,steps,50,loss,bfloat16,NVIDIA RTX A6000,2,77.89,37.378662109375,87.1,41.79754638671875,deepspeed_stage1,0.1,1,128,256,"'v_proj', 'q_proj', 'down_proj', 'k_proj', 'gate_proj', 'o_proj', 'up_proj'",0.5551,1.0697767734527588,1.2298660278320312,0.6821428571428572,0.64,0.5226899492642993,0.43886490260972616,3160.7381,76.7978,77.4212,3323.7874965667725
scotus,Qwen/Qwen1.5_7B_LoRA_coastalcph/lex_glue_scotus,unknown,qwen2,512,LoRA,adamw_torch,5e-05,linear,0,0,32,32,1,100.0,3,steps,50,loss,bfloat16,NVIDIA RTX A6000,2,73.71,35.370849609375,70.39,33.77801513671875,deepspeed_stage1,0.1,1,128,256,"'v_proj', 'q_proj', 'down_proj', 'k_proj', 'gate_proj', 'o_proj', 'up_proj'",0.3444,0.8937053680419922,1.0691964626312256,0.7242857142857143,0.7071428571428572,0.6456525777224024,0.5962528180640876,2737.1657,63.0315,63.5294,2872.7201924324036
scotus,google/gemma_7b_LoRA_coastalcph/lex_glue_scotus,unknown,gemma,512,LoRA,adamw_torch,5e-05,linear,0,0,32,32,1,100.0,3,steps,50,loss,bfloat16,NVIDIA RTX A6000,2,77.89,37.378662109375,87.1,41.79754638671875,deepspeed_stage1,0.1,1,128,256,"'v_proj', 'q_proj', 'down_proj', 'k_proj', 'gate_proj', 'o_proj', 'up_proj'",1.3461,1.68245530128479,1.6807589530944824,0.49357142857142855,0.4585714285714286,0.26389130272187317,0.214264886445384,3159.8514,78.3066,77.2883,3322.2431721687317
scotus,meta_llama/Llama_2_7b_hf_LoRA_coastalcph/lex_glue_scotus,unknown,llama,512,LoRA,adamw_torch,5e-05,linear,0,0,32,32,1,100.0,3,steps,50,loss,float16,NVIDIA RTX A6000,2,73.56,35.302490234375,71.91,34.50848388671875,deepspeed_stage1,0.1,1,128,256,"'v_proj', 'q_proj', 'down_proj', 'k_proj', 'gate_proj', 'o_proj', 'up_proj'",0.1719,0.842991054058075,1.0046875476837158,0.7492857142857143,0.7035714285714286,0.6908217068620124,0.5915934266284016,2742.4817,63.9102,64.9063,2879.2508020401
scotus,mistralai/Mistral_7B_v0.1_LoRA_coastalcph/lex_glue_scotus,unknown,mistral,512,LoRA,adamw_torch,5e-05,linear,0,0,32,32,1,100.0,3,steps,50,loss,bfloat16,NVIDIA RTX A6000,2,74.97,35.976318359375,70.37,33.77020263671875,deepspeed_stage1,0.1,1,128,256,"'v_proj', 'q_proj', 'down_proj', 'k_proj', 'gate_proj', 'o_proj', 'up_proj'",0.3891,0.7984598278999329,0.8863839507102966,0.7571428571428571,0.7285714285714285,0.6940347610818827,0.6142447430490324,2831.2616,65.8445,66.3161,2970.8219742774963
amazon,mistralai/Mistral_7B_v0.1_LoRA_MAdAiLab/amazon_attrprompt_default_5000_samples,unknown,mistral,512,LoRA,adamw_torch,5e-06,linear,0,0,32,32,1,100.0,3,steps,50,loss,bfloat16,NVIDIA RTX A6000,2,74.97,35.976318359375,74.68,35.83660888671875,deepspeed_stage1,0.1,1,128,256,"'v_proj', 'q_proj', 'down_proj', 'k_proj', 'gate_proj', 'o_proj', 'up_proj'",0.4097,0.5206377506256104,0.5320322513580322,0.8465085638998683,0.8616600790513834,0.8300225399681519,0.8216442377295543,2834.5846,72.5923,73.6277,2987.611471414566
scotus,microsoft/phi_2_scotus,unknown,phi,512,Full,adamw_torch,5e-06,linear,0,0,16,16,1,50.0,3,steps,50,loss,float16,NVIDIA RTX A6000,2,87.36,41.923583984375,86.92,41.71160888671875,deepspeed_stage1,0.1,1,128,256,"'v_proj', 'q_proj', 'down_proj', 'k_proj', 'gate_proj', 'o_proj', 'up_proj'",1.7027,1.841428518295288,1.8068304061889648,0.44357142857142856,0.44857142857142857,0.21235979992879672,0.2022201942406315,2056.14,25.4502,25.7773,2116.4209027290344
amazon,microsoft/phi_2_amazon,unknown,phi,512,Full,adamw_torch,5e-06,linear,0,0,16,16,1,50.0,1,steps,50,loss,float16,NVIDIA RTX A6000,2,87.24,41.864990234375,86.92,41.71160888671875,deepspeed_stage1,0.1,1,128,256,"'v_proj', 'q_proj', 'down_proj', 'k_proj', 'gate_proj', 'o_proj', 'up_proj'",1.5512,1.596935749053955,1.5043797492980957,0.5612648221343873,0.6119894598155468,0.4544049149508338,0.5006068974875612,1653.8792,28.1923,29.3618,1719.7605321407318
ledgar,Qwen/Qwen1.5_7B_LoRA_coastalcph/lex_glue_ledgar,unknown,qwen2,512,LoRA,adamw_torch,5e-06,linear,0,0,32,32,1,100.0,3,steps,250,loss,bfloat16,NVIDIA RTX A6000,2,73.72,35.376708984375,73.42,35.23114013671875,deepspeed_stage1,0.1,1,128,256,"'v_proj', 'q_proj', 'down_proj', 'k_proj', 'gate_proj', 'o_proj', 'up_proj'",0.2829,0.5226359367370605,0.5400226712226868,0.8595,0.863,0.7797180766819183,0.7901600318056752,33817.9726,462.9867,462.3525,34754.13360238075
ledgar,google/gemma_7b_LoRA_coastalcph/lex_glue_ledgar,unknown,gemma,512,LoRA,adamw_torch,5e-06,linear,0,0,32,32,1,100.0,3,steps,250,loss,bfloat16,NVIDIA RTX A6000,2,77.9,37.384521484375,77.6,37.23895263671875,deepspeed_stage1,0.1,1,128,256,"'v_proj', 'q_proj', 'down_proj', 'k_proj', 'gate_proj', 'o_proj', 'up_proj'",0.1245,0.49595001339912415,0.512473464012146,0.862,0.865,0.7884484946366852,0.8012587866018115,39017.8966,553.9631,553.3075,40135.61772179603
ledgar,meta_llama/Llama_2_7b_hf_LoRA_coastalcph/lex_glue_ledgar,unknown,llama,512,LoRA,adamw_torch,5e-06,linear,0,0,32,32,1,100.0,3,steps,250,loss,float16,NVIDIA RTX A6000,2,73.58,35.308349609375,73.27,35.16278076171875,deepspeed_stage1,0.1,1,128,256,"'v_proj', 'q_proj', 'down_proj', 'k_proj', 'gate_proj', 'o_proj', 'up_proj'",0.3101,0.5119749903678894,0.5245031118392944,0.8557,0.8562,0.7698967853803559,0.7770134410118483,33896.7453,462.6579,461.5845,34828.61469244957
ledgar,Qwen/Qwen1.5_7B_LoRA_coastalcph/lex_glue_ledgar,unknown,qwen2,512,LoRA,adamw_torch,5e-06,linear,0,0,8,32,64,100.0,3,steps,25,loss,bfloat16,NVIDIA RTX A6000,2,94.1,45.15716552734375,93.8,45.01239013671875,deepspeed_stage1,0.1,1,128,256,"'v_proj', 'q_proj', 'down_proj', 'k_proj', 'gate_proj', 'o_proj', 'up_proj'",1.2055,1.250612497329712,1.2572062015533447,0.7325,0.7272,0.5798264308657608,0.5675773152782599,24138.8338,461.6992,459.9635,25069.597588777546
ledgar,meta_llama/Llama_2_7b_hf_LoRA_coastalcph/lex_glue_ledgar,unknown,llama,512,LoRA,adamw_torch,5e-06,linear,0,0,8,32,64,100.0,3,steps,25,loss,float16,NVIDIA RTX A6000,2,90.98,43.65911865234375,90.68,43.51434326171875,deepspeed_stage1,0.1,1,128,256,"'v_proj', 'q_proj', 'down_proj', 'k_proj', 'gate_proj', 'o_proj', 'up_proj'",1.4681,1.5241999626159668,1.5455000400543213,0.6691,0.6643,0.4964860975805867,0.4851650908840632,24178.967,464.0879,462.7407,25112.74169516563
ledgar,mistralai/Mistral_7B_v0.1_LoRA_coastalcph/lex_glue_ledgar,unknown,mistral,512,LoRA,adamw_torch,5e-06,linear,0,0,32,32,1,100.0,3,steps,200,loss,bfloat16,NVIDIA RTX A6000,2,74.97,35.97802734375,74.68,35.83856201171875,deepspeed_stage1,0.1,1,128,256,"'v_proj', 'q_proj', 'down_proj', 'k_proj', 'gate_proj', 'o_proj', 'up_proj'",0.122,0.5023640394210815,0.4998968839645386,0.8605,0.8652,0.7818475135195345,0.7968921202347373,36741.3666,483.862,483.2211,37715.89782381058
patent,Qwen/Qwen1.5_7B_LoRA_ccdv/patent_classification_abstract,unknown,qwen2,512,LoRA,adamw_torch,5e-06,linear,0,0,32,32,1,100.0,3,steps,200,loss,bfloat16,NVIDIA RTX A6000,2,73.71,35.37060546875,73.42,35.23114013671875,deepspeed_stage1,0.1,1,128,256,"'v_proj', 'q_proj', 'down_proj', 'k_proj', 'gate_proj', 'o_proj', 'up_proj'",0.9299,0.9126999974250792,0.9439250230789183,0.6866,0.6718,0.6360041088223324,0.6143252143996836,13165.2514,232.6253,232.8955,13639.927175283432
patent,google/gemma_7b_LoRA_ccdv/patent_classification_abstract,unknown,gemma,512,LoRA,adamw_torch,5e-06,linear,0,0,32,32,1,100.0,3,steps,200,loss,bfloat16,NVIDIA RTX A6000,2,77.89,37.37841796875,77.6,37.23895263671875,deepspeed_stage1,0.1,1,128,256,"'v_proj', 'q_proj', 'down_proj', 'k_proj', 'gate_proj', 'o_proj', 'up_proj'",0.6213,0.8205124735832214,0.8327999711036682,0.723,0.7118,0.6900968408465934,0.6678273659580354,15146.7332,279.3676,278.8966,15712.742848873138
patent,meta_llama/Llama_2_7b_hf_LoRA_ccdv/patent_classification_abstract,unknown,llama,512,LoRA,adamw_torch,5e-06,linear,0,0,32,32,1,100.0,3,steps,200,loss,float16,NVIDIA RTX A6000,2,73.56,35.30224609375,73.27,35.16278076171875,deepspeed_stage1,0.1,1,128,256,"'v_proj', 'q_proj', 'down_proj', 'k_proj', 'gate_proj', 'o_proj', 'up_proj'",0.8161,0.8312125205993652,0.8732125163078308,0.7072,0.6894,0.6648310159623088,0.640787592517488,13231.6062,233.0162,233.0424,13705.07274055481
patent,mistralai/Mistral_7B_v0.1_LoRA_ccdv/patent_classification_abstract,unknown,mistral,512,LoRA,adamw_torch,5e-06,linear,0,0,32,32,1,100.0,3,steps,200,loss,bfloat16,NVIDIA RTX A6000,2,74.97,35.97607421875,74.68,35.83660888671875,deepspeed_stage1,0.1,1,128,256,"'v_proj', 'q_proj', 'down_proj', 'k_proj', 'gate_proj', 'o_proj', 'up_proj'",0.707,0.8405749797821045,0.8707500100135803,0.7124,0.6948,0.673272028116953,0.645309074307161,13699.6288,243.836,244.5315,14195.475496530533
scotus,Qwen/Qwen1.5_7B_LoRA_coastalcph/lex_glue_scotus,unknown,qwen2,512,LoRA,adamw_torch,5e-06,linear,0,0,32,32,1,100.0,3,steps,50,loss,bfloat16,NVIDIA RTX A6000,2,73.71,35.37060546875,70.39,33.77801513671875,deepspeed_stage1,0.1,1,128,256,"'v_proj', 'q_proj', 'down_proj', 'k_proj', 'gate_proj', 'o_proj', 'up_proj'",2.6051,3.6776785850524902,4.070892810821533,0.24428571428571427,0.22428571428571428,0.11715520610113428,0.1031185840949971,2743.2899,63.1232,63.6239,2878.623624563217
scotus,google/gemma_7b_LoRA_coastalcph/lex_glue_scotus,unknown,gemma,512,LoRA,adamw_torch,5e-06,linear,0,0,32,32,1,100.0,3,steps,50,loss,bfloat16,NVIDIA RTX A6000,2,77.89,37.37841796875,87.1,41.79754638671875,deepspeed_stage1,0.1,1,128,256,"'v_proj', 'q_proj', 'down_proj', 'k_proj', 'gate_proj', 'o_proj', 'up_proj'",1.0076,1.5170536041259766,1.734017848968506,0.5685714285714286,0.48857142857142855,0.3205096364412049,0.25517546129552426,3177.34,76.9071,77.581,3340.1358432769775
scotus,meta_llama/Llama_2_7b_hf_LoRA_coastalcph/lex_glue_scotus,unknown,llama,512,LoRA,adamw_torch,5e-06,linear,0,0,32,32,1,100.0,3,steps,50,loss,float16,NVIDIA RTX A6000,2,73.56,35.30224609375,71.91,34.50848388671875,deepspeed_stage1,0.1,1,128,256,"'v_proj', 'q_proj', 'down_proj', 'k_proj', 'gate_proj', 'o_proj', 'up_proj'",2.1812,2.497053623199463,2.6675000190734863,0.265,0.23214285714285715,0.11970724811506456,0.09022249370192233,2758.6035,64.2291,65.2159,2894.8928718566895
scotus,mistralai/Mistral_7B_v0.1_LoRA_coastalcph/lex_glue_scotus,unknown,mistral,512,LoRA,adamw_torch,5e-06,linear,0,0,32,32,1,100.0,3,steps,50,loss,bfloat16,NVIDIA RTX A6000,2,74.97,35.97607421875,70.37,33.77020263671875,deepspeed_stage1,0.1,1,128,256,"'v_proj', 'q_proj', 'down_proj', 'k_proj', 'gate_proj', 'o_proj', 'up_proj'",1.0795,2.5510714054107666,3.3631250858306885,0.40785714285714286,0.32357142857142857,0.26016543985954915,0.2008723322378428,2847.2746,66.0973,66.6248,2987.2134680747986
amazon,Qwen/Qwen1.5_7B_LoRA_MAdAiLab/amazon_attrprompt_default,unknown,qwen2,512,LoRA,adamw_torch,5e-06,linear,0,0,32,32,1,100.0,3,steps,50,loss,bfloat16,NVIDIA RTX A6000,2,73.71,35.37060546875,73.42,35.23114013671875,deepspeed_stage1,0.1,1,128,256,"'v_proj', 'q_proj', 'down_proj', 'k_proj', 'gate_proj', 'o_proj', 'up_proj'",0.4384,0.4968219995498657,0.4752732813358307,0.8596837944664032,0.8656126482213439,0.8369626014217448,0.8325216055106754,6735.4111,69.9894,71.3407,6885.440827846527
amazon,google/gemma_7b_LoRA_MAdAiLab/amazon_attrprompt_default,unknown,gemma,512,LoRA,adamw_torch,5e-06,linear,0,0,32,32,1,100.0,3,steps,50,loss,bfloat16,NVIDIA RTX A6000,2,77.89,37.37841796875,77.6,37.23895263671875,deepspeed_stage1,0.1,1,128,256,"'v_proj', 'q_proj', 'down_proj', 'k_proj', 'gate_proj', 'o_proj', 'up_proj'",0.3038,0.389240562915802,0.3690814375877381,0.8801054018445322,0.8978919631093544,0.8669605484213847,0.8739907819525782,7762.1951,88.7147,85.379,7939.275339603424
amazon,meta_llama/Llama_2_7b_hf_LoRA_MAdAiLab/amazon_attrprompt_default,unknown,llama,512,LoRA,adamw_torch,5e-06,linear,0,0,32,32,1,100.0,3,steps,50,loss,float16,NVIDIA RTX A6000,2,73.56,35.30224609375,73.27,35.16278076171875,deepspeed_stage1,0.1,1,128,256,"'v_proj', 'q_proj', 'down_proj', 'k_proj', 'gate_proj', 'o_proj', 'up_proj'",0.3999,0.41830843687057495,0.39647409319877625,0.8715415019762845,0.8814229249011858,0.8500852906686795,0.8548648241990613,6783.4368,70.9717,72.2785,6933.724825620651
amazon,mistralai/Mistral_7B_v0.1_LoRA_MAdAiLab/amazon_attrprompt_default,unknown,mistral,512,LoRA,adamw_torch,5e-06,linear,0,0,32,32,1,100.0,3,steps,50,loss,bfloat16,NVIDIA RTX A6000,2,74.97,35.97607421875,74.68,35.83660888671875,deepspeed_stage1,0.1,1,128,256,"'v_proj', 'q_proj', 'down_proj', 'k_proj', 'gate_proj', 'o_proj', 'up_proj'",0.2576,0.37538599967956543,0.37086471915245056,0.8893280632411067,0.8919631093544137,0.8688627972191362,0.8772584324087768,7048.1503,73.6044,74.9242,7204.1651248931885
twitter,Qwen/Qwen1.5_7B_LoRA_MAdAiLab/twitter_disaster_default,unknown,qwen2,512,LoRA,adamw_torch,5e-06,linear,0,0,32,32,1,100.0,3,steps,50,loss,bfloat16,NVIDIA RTX A6000,2,73.71,35.37060546875,73.42,35.23114013671875,deepspeed_stage1,0.1,1,128,256,"'v_proj', 'q_proj', 'down_proj', 'k_proj', 'gate_proj', 'o_proj', 'up_proj'",0.4189,0.7973345518112183,0.7253561615943909,0.7150735294117647,0.7417279411764706,0.6611572572705318,0.6892802878238908,4685.4738,49.6177,51.0672,4795.998678684235
twitter,google/gemma_7b_LoRA_MAdAiLab/twitter_disaster_default,unknown,gemma,512,LoRA,adamw_torch,5e-06,linear,0,0,32,32,1,100.0,3,steps,50,loss,bfloat16,NVIDIA RTX A6000,2,77.89,37.37841796875,77.6,37.23895263671875,deepspeed_stage1,0.1,1,128,256,"'v_proj', 'q_proj', 'down_proj', 'k_proj', 'gate_proj', 'o_proj', 'up_proj'",0.3723,0.6683134436607361,0.5955308079719543,0.7435661764705882,0.7481617647058824,0.6862573241455723,0.6897768897768898,5398.8586,61.7201,61.11,5527.074429273605
twitter,meta_llama/Llama_2_7b_hf_LoRA_MAdAiLab/twitter_disaster_default,unknown,llama,512,LoRA,adamw_torch,5e-06,linear,0,0,32,32,1,100.0,3,steps,50,loss,float16,NVIDIA RTX A6000,2,73.56,35.30224609375,73.27,35.16278076171875,deepspeed_stage1,0.1,1,128,256,"'v_proj', 'q_proj', 'down_proj', 'k_proj', 'gate_proj', 'o_proj', 'up_proj'",0.4372,0.6023667454719543,0.6161534786224365,0.7233455882352942,0.7334558823529411,0.6628086443587107,0.6716616716616717,4645.5769,50.1059,51.3404,4754.859617471695
twitter,mistralai/Mistral_7B_v0.1_LoRA_MAdAiLab/twitter_disaster_default,unknown,mistral,512,LoRA,adamw_torch,5e-06,linear,0,0,32,32,1,100.0,3,steps,50,loss,bfloat16,NVIDIA RTX A6000,2,74.97,35.97607421875,74.68,35.83660888671875,deepspeed_stage1,0.1,1,128,256,"'v_proj', 'q_proj', 'down_proj', 'k_proj', 'gate_proj', 'o_proj', 'up_proj'",0.3129,0.7224264740943909,0.7146139740943909,0.7242647058823529,0.7435661764705882,0.66796875,0.6880448645154527,4798.1056,51.3471,52.4688,4909.421041965485
patent,mistralai/Mistral_7B_v0.1_LoRA_ccdv/patent_classification_abstract,unknown,mistral,512,LoRA,adamw_torch,5e-06,linear,0,0,32,32,1,100.0,3,steps,250,loss,bfloat16,NVIDIA RTX A6000,2,75.49,36.22607421875,75.75,36.35003662109375,deepspeed_stage1,0.1,1,128,256,"'v_proj', 'q_proj', 'down_proj', 'k_proj', 'gate_proj', 'o_proj', 'up_proj'",0.7141,0.8385375142097473,0.8680312633514404,0.7124,0.6962,0.6722885793520113,0.6463654570305111,14160.0411,242.5687,242.5576,14652.858178853989
scotus,Qwen/Qwen1.5_7B_LoRA_coastalcph/lex_glue_scotus,unknown,qwen2,512,LoRA,adamw_torch,5e-06,linear,0,0,32,32,1,100.0,3,steps,250,loss,bfloat16,NVIDIA RTX A6000,2,76.15,36.54248046875,71.43,34.27801513671875,deepspeed_stage1,0.1,1,128,256,"'v_proj', 'q_proj', 'down_proj', 'k_proj', 'gate_proj', 'o_proj', 'up_proj'",2.5055,3.442857027053833,3.9732143878936768,0.25142857142857145,0.22857142857142856,0.12089766026542983,0.10487040593034189,2536.0186,64.0257,64.229,2674.7572214603424
scotus,google/gemma_7b_LoRA_coastalcph/lex_glue_scotus,unknown,gemma,512,LoRA,adamw_torch,5e-06,linear,0,0,32,32,1,100.0,3,steps,250,loss,bfloat16,NVIDIA RTX A6000,2,79.45,38.12841796875,87.1,41.79754638671875,deepspeed_stage1,0.1,1,128,256,"'v_proj', 'q_proj', 'down_proj', 'k_proj', 'gate_proj', 'o_proj', 'up_proj'",1.0473,1.4781696796417236,1.6566964387893677,0.5707142857142857,0.5085714285714286,0.34177763075079726,0.28177176585278946,2922.4514,76.9548,77.6988,3086.2449808120728
scotus,meta_llama/Llama_2_7b_hf_LoRA_coastalcph/lex_glue_scotus,unknown,llama,512,LoRA,adamw_torch,5e-06,linear,0,0,32,32,1,100.0,3,steps,250,loss,float16,NVIDIA RTX A6000,2,74.61,35.80224609375,74.35,35.68035888671875,deepspeed_stage1,0.1,1,128,256,"'v_proj', 'q_proj', 'down_proj', 'k_proj', 'gate_proj', 'o_proj', 'up_proj'",2.157,2.484910726547241,2.6575000286102295,0.26571428571428574,0.23714285714285716,0.12123399947156946,0.09145020178890707,2557.6972,64.4885,65.4235,2694.688404560089
scotus,mistralai/Mistral_7B_v0.1_LoRA_coastalcph/lex_glue_scotus,unknown,mistral,512,LoRA,adamw_torch,5e-06,linear,0,0,32,32,1,100.0,3,steps,250,loss,bfloat16,NVIDIA RTX A6000,2,75.49,36.22607421875,71.28,34.20770263671875,deepspeed_stage1,0.1,1,128,256,"'v_proj', 'q_proj', 'down_proj', 'k_proj', 'gate_proj', 'o_proj', 'up_proj'",0.99,2.452767848968506,3.338303565979004,0.41928571428571426,0.3357142857142857,0.26743167396063083,0.2121644129808336,2651.9302,66.5137,66.8475,2792.59628200531
amazon,Qwen/Qwen1.5_7B_LoRA_MAdAiLab/amazon_attrprompt_default,unknown,qwen2,512,LoRA,adamw_torch,5e-06,linear,0,0,32,32,1,100.0,3,steps,250,loss,bfloat16,NVIDIA RTX A6000,2,76.15,36.54248046875,75.86,36.40301513671875,deepspeed_stage1,0.1,1,128,256,"'v_proj', 'q_proj', 'down_proj', 'k_proj', 'gate_proj', 'o_proj', 'up_proj'",0.4537,0.521713376045227,0.4915673434734345,0.8491436100131752,0.8629776021080369,0.8290154507852121,0.8306657526660489,6252.3234,70.2532,71.7508,6403.02877664566
amazon,google/gemma_7b_LoRA_MAdAiLab/amazon_attrprompt_default,unknown,gemma,512,LoRA,adamw_torch,5e-06,linear,0,0,32,32,1,100.0,3,steps,250,loss,bfloat16,NVIDIA RTX A6000,2,79.45,38.12841796875,79.16,37.98895263671875,deepspeed_stage1,0.1,1,128,256,"'v_proj', 'q_proj', 'down_proj', 'k_proj', 'gate_proj', 'o_proj', 'up_proj'",0.2822,0.41250309348106384,0.3854526877403259,0.8787878787878788,0.8939393939393939,0.8634843036505224,0.8725306927849372,7116.3403,84.278,85.4876,7294.252737283707
amazon,meta_llama/Llama_2_7b_hf_LoRA_MAdAiLab/amazon_attrprompt_default,unknown,llama,512,LoRA,adamw_torch,5e-06,linear,0,0,32,32,1,100.0,3,steps,250,loss,float16,NVIDIA RTX A6000,2,74.61,35.80224609375,74.32,35.66278076171875,deepspeed_stage1,0.1,1,128,256,"'v_proj', 'q_proj', 'down_proj', 'k_proj', 'gate_proj', 'o_proj', 'up_proj'",0.4019,0.4345510005950928,0.4097213745117187,0.8669301712779973,0.8768115942028986,0.8446078584253306,0.8532050854680244,6219.7056,70.1517,71.315,6368.008853197098
amazon,mistralai/Mistral_7B_v0.1_LoRA_MAdAiLab/amazon_attrprompt_default,unknown,mistral,512,LoRA,adamw_torch,5e-06,linear,0,0,32,32,1,100.0,3,steps,250,loss,bfloat16,NVIDIA RTX A6000,2,75.49,36.22607421875,75.2,36.08660888671875,deepspeed_stage1,0.1,1,128,256,"'v_proj', 'q_proj', 'down_proj', 'k_proj', 'gate_proj', 'o_proj', 'up_proj'",0.294,0.4053390622138977,0.3788599371910095,0.88866930171278,0.8992094861660079,0.8708152863825918,0.878743274447778,6478.0776,72.8066,74.0238,6631.78968000412
twitter,Qwen/Qwen1.5_7B_LoRA_MAdAiLab/twitter_disaster_default,unknown,qwen2,512,LoRA,adamw_torch,5e-06,linear,0,0,32,32,1,100.0,3,steps,250,loss,bfloat16,NVIDIA RTX A6000,2,76.15,36.54248046875,75.86,36.40301513671875,deepspeed_stage1,0.1,1,128,256,"'v_proj', 'q_proj', 'down_proj', 'k_proj', 'gate_proj', 'o_proj', 'up_proj'",0.4869,0.8405905365943909,0.7551125884056091,0.7196691176470589,0.7279411764705882,0.6501493380733544,0.6520957566329617,4372.1896,49.0758,50.2231,4480.354115247726
twitter,google/gemma_7b_LoRA_MAdAiLab/twitter_disaster_default,unknown,gemma,512,LoRA,adamw_torch,5e-06,linear,0,0,32,32,1,100.0,3,steps,250,loss,bfloat16,NVIDIA RTX A6000,2,79.45,38.12841796875,79.16,37.98895263671875,deepspeed_stage1,0.1,1,128,256,"'v_proj', 'q_proj', 'down_proj', 'k_proj', 'gate_proj', 'o_proj', 'up_proj'",0.4213,0.7075482606887817,0.6248276829719543,0.7454044117647058,0.7417279411764706,0.6796241077075992,0.6700877850857079,4990.6593,59.2766,60.281,5119.097553014755
twitter,meta_llama/Llama_2_7b_hf_LoRA_MAdAiLab/twitter_disaster_default,unknown,llama,512,LoRA,adamw_torch,5e-06,linear,0,0,32,32,1,100.0,3,steps,250,loss,float16,NVIDIA RTX A6000,2,74.61,35.80224609375,74.32,35.66278076171875,deepspeed_stage1,0.1,1,128,256,"'v_proj', 'q_proj', 'down_proj', 'k_proj', 'gate_proj', 'o_proj', 'up_proj'",0.4833,0.6156939268112183,0.6235064268112183,0.7196691176470589,0.7270220588235294,0.655690129417099,0.6593257488779877,4372.2245,49.3639,50.3675,4479.065373420715
twitter,mistralai/Mistral_7B_v0.1_LoRA_MAdAiLab/twitter_disaster_default,unknown,mistral,512,LoRA,adamw_torch,5e-06,linear,0,0,32,32,1,100.0,3,steps,250,loss,bfloat16,NVIDIA RTX A6000,2,75.49,36.22607421875,75.2,36.08660888671875,deepspeed_stage1,0.1,1,128,256,"'v_proj', 'q_proj', 'down_proj', 'k_proj', 'gate_proj', 'o_proj', 'up_proj'",0.3158,0.733513355255127,0.715705394744873,0.7306985294117647,0.7490808823529411,0.6771791249575947,0.694175282092784,4536.2521,51.0867,52.1458,4647.116693496704
ledgar,google_t5/t5_base_ledgar,unknown,t5,512,Full,adamw_torch,5e-04,linear,0,0,16,16,1,100.0,3,steps,100,loss,,NVIDIA RTX A6000,2,86.55,41.53466796875,86.26,41.39520263671875,ddp,0.0,1,128,256,"'v_proj', 'q_proj', 'down_proj', 'k_proj', 'gate_proj', 'o_proj', 'up_proj'",0.2771,0.4829846620559693,0.4868355095386505,0.8743,0.8768,0.8025457126552276,0.8130540075006891,13415.2238,129.3487,129.4301,13675.2273311615
ledgar,google/flan_t5_base_ledgar,unknown,t5,512,Full,adamw_torch,5e-04,linear,0,0,16,16,1,100.0,3,steps,100,loss,,NVIDIA RTX A6000,2,88.89,42.65615234375,85.59,41.07489013671875,ddp,0.0,1,128,256,"'v_proj', 'q_proj', 'down_proj', 'k_proj', 'gate_proj', 'o_proj', 'up_proj'",0.3103,0.4868987798690796,0.5066389441490173,0.8769,0.876,0.8084157619316119,0.8075593975069613,14782.799,143.2016,143.1507,15070.144275426865
twitter,microsoft/phi_2_twitter,unknown,phi,512,Full,adamw_torch,5e-06,linear,0,0,32,32,1,50.0,3,steps,50,loss,float16,NVIDIA RTX A6000,2,88.33,42.38818359375,88.02,42.24090576171875,deepspeed_stage1,0.1,1,128,256,"'v_proj', 'q_proj', 'down_proj', 'k_proj', 'gate_proj', 'o_proj', 'up_proj'",0.4213,0.5211396813392639,0.49752986431121826,0.7647058823529411,0.7647058823529411,0.7101565101565102,0.7084270251031133,2673.8856,19.8372,20.1673,2721.0948560237885
ledgar,Qwen/Qwen1.5_1.8B_ledgar,unknown,qwen2,512,Full,adamw_torch,5e-06,linear,0,0,32,32,1,100.0,3,steps,100,loss,bfloat16,NVIDIA RTX A6000,2,57.99,27.82763671875,52.87,25.37371826171875,deepspeed_stage1,0.1,1,128,256,"'v_proj', 'q_proj', 'down_proj', 'k_proj', 'gate_proj', 'o_proj', 'up_proj'",0.0306,0.47503358125686646,0.5010109543800354,0.8757,0.877,0.8036234676975345,0.8169127959025687,11682.6506,96.4086,97.3866,11883.377089262009
ledgar,microsoft/phi_2_ledgar,unknown,phi,512,Full,adamw_torch,5e-06,linear,0,0,32,32,1,100.0,3,steps,100,loss,float16,NVIDIA RTX A6000,2,88.16,42.30615234375,87.86,42.16082763671875,deepspeed_stage1,0.1,1,128,256,"'v_proj', 'q_proj', 'down_proj', 'k_proj', 'gate_proj', 'o_proj', 'up_proj'",0.5611,0.5819718837738037,0.5791875123977661,0.8307,0.8395,0.7317007467710462,0.748794383156645,21623.3526,191.0077,190.9041,22013.851710557938
ledgar,google/gemma_2b_ledgar,unknown,gemma,512,Full,adamw_torch,5e-06,linear,0,0,32,32,1,100.0,3,steps,100,loss,bfloat16,NVIDIA RTX A6000,2,90.71,43.52880859375,82.28,39.48309326171875,deepspeed_stage1,0.1,1,128,256,"'v_proj', 'q_proj', 'down_proj', 'k_proj', 'gate_proj', 'o_proj', 'up_proj'",0.0401,0.4497546851634979,0.4736960828304291,0.8786,0.8798,0.8126322092428587,0.8168310235881319,15386.1864,134.0425,134.6305,15668.616064786913
patent,Qwen/Qwen1.5_1.8B_patent,unknown,qwen2,512,Full,adamw_torch,5e-06,linear,0,0,32,32,1,50.0,3,steps,50,loss,bfloat16,NVIDIA RTX A6000,2,57.99,27.82763671875,52.87,25.37371826171875,deepspeed_stage1,0.1,1,128,256,"'v_proj', 'q_proj', 'down_proj', 'k_proj', 'gate_proj', 'o_proj', 'up_proj'",0.2062,0.8939874768257141,0.9072187542915344,0.6838,0.6834,0.6484256303146134,0.6411367137519091,5125.6646,47.6235,48.9311,5228.392203330994
patent,microsoft/phi_2_patent,unknown,phi,512,Full,adamw_torch,5e-06,linear,0,0,32,32,1,50.0,3,steps,50,loss,float16,NVIDIA RTX A6000,2,88.33,42.39013671875,88.03,42.24285888671875,deepspeed_stage1,0.1,1,128,256,"'v_proj', 'q_proj', 'down_proj', 'k_proj', 'gate_proj', 'o_proj', 'up_proj'",0.808,0.8465625047683716,0.8737687468528748,0.7112,0.6936,0.6643575565992834,0.6410664169210494,9482.7673,95.0757,96.5206,9681.655903339386
patent,google/gemma_2b_patent,unknown,gemma,512,Full,adamw_torch,5e-06,linear,0,0,16,16,1,50.0,3,steps,50,loss,bfloat16,NVIDIA RTX A6000,2,98.84,47.43115234375,98.55,47.29168701171875,deepspeed_stage1,0.1,1,128,256,"'v_proj', 'q_proj', 'down_proj', 'k_proj', 'gate_proj', 'o_proj', 'up_proj'",0.0679,0.8182812333106995,0.8556030988693237,0.7152,0.7054,0.6694738031996665,0.6593685817756872,9363.0219,67.7767,69.2662,9512.390090703964
ledgar,google_t5/t5_small_ledgar,unknown,t5,512,Full,adamw_torch,5e-04,linear,0,0,32,32,1,100.0,3,steps,100,loss,,NVIDIA RTX A6000,2,58.63,28.134765625,56.81,27.26409912109375,ddp,0.0,1,128,256,"'v_proj', 'q_proj', 'down_proj', 'k_proj', 'gate_proj', 'o_proj', 'up_proj'",0.4438,0.5151918530464172,0.5259736180305481,0.8595,0.8571,0.7782739587995522,0.7792407368082297,2845.8931,40.8308,40.961,2927.588386774063
ledgar,google/flan_t5_small_ledgar,unknown,t5,512,Full,adamw_torch,5e-04,linear,0,0,32,32,1,100.0,3,steps,100,loss,,NVIDIA RTX A6000,2,69.93,33.560546875,70.18,33.67816162109375,ddp,0.0,1,128,256,"'v_proj', 'q_proj', 'down_proj', 'k_proj', 'gate_proj', 'o_proj', 'up_proj'",0.4271,0.5128734111785889,0.5236550569534302,0.8584,0.8605,0.7792702063288064,0.7817607567167267,3228.4174,45.041,44.9741,3318.2942700386047
ledgar,distilbert/distilroberta_base_ledgar,unknown,roberta,512,Full,adamw_torch,2e-05,linear,0,0,32,32,1,100.0,3,steps,100,loss,,NVIDIA RTX A6000,2,27.02,12.96875,27.27,13.08636474609375,ddp,0.0,1,128,256,"'v_proj', 'q_proj', 'down_proj', 'k_proj', 'gate_proj', 'o_proj', 'up_proj'",0.6324,0.6491903066635132,0.6592300534248352,0.8315,0.8328,0.701672487878602,0.6924518157971937,1706.1243,20.9773,20.9646,1748.0831265449524
ledgar,FacebookAI/roberta_base_ledgar,unknown,roberta,512,Full,adamw_torch,2e-05,linear,0,0,32,32,1,100.0,3,steps,100,loss,,NVIDIA RTX A6000,2,48.55,23.296875,48.79,23.41448974609375,ddp,0.0,1,128,256,"'v_proj', 'q_proj', 'down_proj', 'k_proj', 'gate_proj', 'o_proj', 'up_proj'",0.5495,0.5945026874542236,0.608473002910614,0.8453,0.8466,0.7391787821862769,0.7313572079408452,3281.5845,40.1416,40.5608,3362.8269193172455
ledgar,distilbert/distilbert_base_uncased_ledgar,unknown,distilbert,512,Full,adamw_torch,2e-05,linear,0,0,32,32,1,100.0,3,steps,100,loss,,NVIDIA RTX A6000,2,25.65,12.30859375,25.89,12.42620849609375,ddp,0.0,1,128,256,"'v_proj', 'q_proj', 'down_proj', 'k_proj', 'gate_proj', 'o_proj', 'up_proj'",0.5978,0.6269329190254211,0.6430135369300842,0.837,0.8332,0.7202475478211384,0.7033729215833873,1712.3914,21.3872,21.4488,1755.0912981033323
ledgar,google_bert/bert_base_uncased_ledgar,unknown,bert,512,Full,adamw_torch,2e-05,linear,0,0,32,32,1,100.0,3,steps,100,loss,,NVIDIA RTX A6000,2,47.24,22.671875,47.49,22.78948974609375,ddp,0.0,1,128,256,"'v_proj', 'q_proj', 'down_proj', 'k_proj', 'gate_proj', 'o_proj', 'up_proj'",0.5955,0.6614586114883423,0.6692896485328674,0.8353,0.8378,0.7117944815317386,0.7024164410727061,3306.6338,41.47,41.8393,3390.082126379013
patent,google_t5/t5_base_patent,unknown,t5,512,Full,adamw_torch,5e-04,linear,0,0,16,16,1,50.0,3,steps,50,loss,,NVIDIA RTX A6000,2,70.76,33.955078125,71.0,34.07269287109375,ddp,0.0,1,128,256,"'v_proj', 'q_proj', 'down_proj', 'k_proj', 'gate_proj', 'o_proj', 'up_proj'",0.4464,0.8944036960601807,0.9332355260849,0.6942,0.682,0.6349590158449343,0.6325120024131722,5602.6628,64.3827,64.4076,5732.739298582077
patent,google_t5/t5_small_patent,unknown,t5,512,Full,adamw_torch,5e-04,linear,0,0,16,16,1,50.0,3,steps,50,loss,,NVIDIA RTX A6000,2,25.96,12.45703125,27.55,13.221260579423978,ddp,0.0,1,128,256,"'v_proj', 'q_proj', 'down_proj', 'k_proj', 'gate_proj', 'o_proj', 'up_proj'",0.7388,0.9757224321365356,1.0082759857177734,0.6634,0.6504,0.5941734342106668,0.5883970063434972,1792.8069,21.878,21.8325,1836.5105872154236
patent,google/flan_t5_small_patent,unknown,t5,512,Full,adamw_torch,5e-04,linear,0,0,16,16,1,50.0,3,steps,50,loss,,NVIDIA RTX A6000,2,30.38,14.578125,31.11,14.92920328776352,ddp,0.0,1,128,256,"'v_proj', 'q_proj', 'down_proj', 'k_proj', 'gate_proj', 'o_proj', 'up_proj'",0.6397,0.957366108894348,0.9782820343971252,0.6724,0.6646,0.6154434731041788,0.6102797801502027,1999.4425,23.8807,23.9373,2047.2641537189484
patent,google/flan_t5_base_patent,unknown,t5,512,Full,adamw_torch,5e-04,linear,0,0,16,16,1,50.0,3,steps,50,loss,,NVIDIA RTX A6000,2,82.48,39.58203125,82.73,39.69964599609375,ddp,0.0,1,128,256,"'v_proj', 'q_proj', 'down_proj', 'k_proj', 'gate_proj', 'o_proj', 'up_proj'",0.5812,0.9018629193305968,0.9331982135772704,0.6916,0.6772,0.6290449695596219,0.6330195555468641,6182.359,71.2019,71.1875,6321.895307064056
patent,distilbert/distilroberta_base_patent,unknown,roberta,512,Full,adamw_torch,2e-05,linear,0,0,32,32,1,,3,steps,50,loss,,NVIDIA RTX A6000,2,27.02,12.96875,27.27,13.08636474609375,ddp,0.0,1,128,256,"'v_proj', 'q_proj', 'down_proj', 'k_proj', 'gate_proj', 'o_proj', 'up_proj'",0.915,0.9956868290901184,1.0177825689315796,0.6616,0.6518,0.5815537584565988,0.5828687790684467,726.7624,10.5217,10.5613,747.8700256347656
patent,FacebookAI/roberta_base_patent,unknown,roberta,512,Full,adamw_torch,2e-05,linear,0,0,32,32,1,,3,steps,50,loss,,NVIDIA RTX A6000,2,48.55,23.296875,48.79,23.41448974609375,ddp,0.0,1,128,256,"'v_proj', 'q_proj', 'down_proj', 'k_proj', 'gate_proj', 'o_proj', 'up_proj'",0.8086,0.9331501722335817,0.9728918075561525,0.6838,0.6668,0.6190865564549846,0.6112411237512169,1383.9221,20.1401,20.2463,1424.6222314834597
patent,distilbert/distilbert_base_uncased_patent,unknown,distilbert,512,Full,adamw_torch,2e-05,linear,0,0,32,32,1,,3,steps,50,loss,,NVIDIA RTX A6000,2,25.65,12.30859375,25.89,12.42620849609375,ddp,0.0,1,128,256,"'v_proj', 'q_proj', 'down_proj', 'k_proj', 'gate_proj', 'o_proj', 'up_proj'",0.8828,0.9749107360839844,0.999662697315216,0.6672,0.657,0.5820284223717345,0.5787217086208748,725.369,10.7661,10.776,746.8513951301575
patent,google_bert/bert_base_uncased_patent,unknown,bert,512,Full,adamw_torch,2e-05,linear,0,0,32,32,1,,3,steps,50,loss,,NVIDIA RTX A6000,2,47.24,22.671875,47.49,22.78948974609375,ddp,0.0,1,128,256,"'v_proj', 'q_proj', 'down_proj', 'k_proj', 'gate_proj', 'o_proj', 'up_proj'",0.8058,0.9443193078041076,0.9721689224243164,0.6794,0.6686,0.6133179705606269,0.6002365969194144,1389.1135,20.8907,20.9116,1431.242705821991
twitter,Qwen/Qwen1.5_1.8B_twitter,unknown,qwen2,512,Full,adamw_torch,5e-06,linear,0,0,16,16,1,50.0,3,steps,50,loss,bfloat16,NVIDIA RTX A6000,2,88.27,42.357421875,86.65,41.58245849609375,deepspeed_stage1,0.1,1,128,256,"'v_proj', 'q_proj', 'down_proj', 'k_proj', 'gate_proj', 'o_proj', 'up_proj'",0.1676,0.5041934847831726,0.5095933079719543,0.7757352941176471,0.7665441176470589,0.7406851712928233,0.729633905335864,1693.198,10.3652,10.4356,1720.2169194221497
twitter,google/gemma_2b_twitter,unknown,gemma,512,Full,adamw_torch,5e-06,linear,0,0,16,16,1,50.0,3,steps,50,loss,bfloat16,NVIDIA RTX A6000,2,98.85,47.4375,99.1,47.55511474609375,deepspeed_stage1,0.1,1,128,256,"'v_proj', 'q_proj', 'down_proj', 'k_proj', 'gate_proj', 'o_proj', 'up_proj'",0.1545,0.4874913692474365,0.4850212633609772,0.7693014705882353,0.7748161764705882,0.7272978735089848,0.7324379802359837,2385.9697,14.3525,14.5339,2427.637818336487
amazon,Qwen/Qwen1.5_1.8B_amazon,unknown,qwen2,512,Full,adamw_torch,5e-06,linear,0,0,16,16,1,50.0,1,steps,50,loss,bfloat16,NVIDIA RTX A6000,2,88.27,42.359375,86.66,41.58441162109375,deepspeed_stage1,0.1,1,128,256,"'v_proj', 'q_proj', 'down_proj', 'k_proj', 'gate_proj', 'o_proj', 'up_proj'",0.5004,0.471773624420166,0.46111634373664856,0.8583662714097496,0.8735177865612648,0.8384625333629323,0.8474033240108397,814.4088,14.749,15.1592,847.6981098651886
amazon,google/gemma_2b_amazon,unknown,gemma,512,Full,adamw_torch,5e-06,linear,0,0,16,16,1,50.0,1,steps,50,loss,bfloat16,NVIDIA RTX A6000,2,98.85,47.4375,99.1,47.55511474609375,deepspeed_stage1,0.1,1,128,256,"'v_proj', 'q_proj', 'down_proj', 'k_proj', 'gate_proj', 'o_proj', 'up_proj'",0.4362,0.3989315629005432,0.39595040678977966,0.878129117259552,0.8932806324110671,0.8595515280474726,0.8657113284974275,1154.615,20.3801,20.7224,1204.474769115448
amazon,google_t5/t5_base_amazon,unknown,t5,512,Full,adamw_torch,5e-04,linear,0,0,16,16,1,,3,steps,50,loss,,NVIDIA RTX A6000,2,98.33,47.185546875,98.57,47.30316162109375,ddp,0.0,1,128,256,"'v_proj', 'q_proj', 'down_proj', 'k_proj', 'gate_proj', 'o_proj', 'up_proj'",0.1534,0.5200852155685425,0.5330374836921692,0.841897233201581,0.857707509881423,0.8083836014449844,0.8303941881459224,1701.3817,18.8531,18.912,1740.0263619422913
amazon,google_t5/t5_small_amazon,unknown,t5,512,Full,adamw_torch,5e-04,linear,0,0,16,16,1,,3,steps,50,loss,,NVIDIA RTX A6000,2,26.88,12.898307291669772,28.47,13.66253662109375,ddp,0.0,1,128,256,"'v_proj', 'q_proj', 'down_proj', 'k_proj', 'gate_proj', 'o_proj', 'up_proj'",0.4793,0.6916388273239136,0.6552891731262207,0.7760210803689065,0.8102766798418972,0.7268854780816633,0.7514244743425461,522.499,6.171,6.1686,534.932147026062
amazon,google/flan_t5_base_amazon,unknown,t5,512,Full,adamw_torch,5e-04,linear,0,0,16,16,1,,3,steps,50,loss,,NVIDIA RTX A6000,2,82.48,39.58203125,82.73,39.69964599609375,ddp,0.0,1,128,256,"'v_proj', 'q_proj', 'down_proj', 'k_proj', 'gate_proj', 'o_proj', 'up_proj'",0.2023,0.5277819633483887,0.5316387414932251,0.8563899868247694,0.8656126482213439,0.838832923178494,0.8438453808803612,1881.3842,20.8772,21.0767,1924.621999502182
amazon,google/flan_t5_small_amazon,unknown,t5,512,Full,adamw_torch,5e-04,linear,0,0,16,16,1,,3,steps,50,loss,,NVIDIA RTX A6000,2,33.47,16.0625,33.72,16.18011474609375,ddp,0.0,1,128,256,"'v_proj', 'q_proj', 'down_proj', 'k_proj', 'gate_proj', 'o_proj', 'up_proj'",0.3285,0.6064539551734924,0.5984910726547241,0.8188405797101449,0.8412384716732543,0.8017287858249581,0.8142809159045848,591.785,6.7617,6.8042,605.387948513031
amazon,distilbert/distilroberta_base_amazon,unknown,roberta,512,Full,adamw_torch,2e-05,linear,0,0,32,32,1,,3,steps,50,loss,,NVIDIA RTX A6000,2,27.02,12.96875,27.27,13.08636474609375,ddp,0.0,1,128,256,"'v_proj', 'q_proj', 'down_proj', 'k_proj', 'gate_proj', 'o_proj', 'up_proj'",0.7963,0.7473313212394714,0.7187392115592957,0.7964426877470355,0.8096179183135704,0.7307715233648604,0.7448436818365364,272.1956,3.2402,3.2453,278.71861243247986
amazon,FacebookAI/roberta_base_amazon,unknown,roberta,512,Full,adamw_torch,2e-05,linear,0,0,32,32,1,,3,steps,50,loss,,NVIDIA RTX A6000,2,48.55,23.296875,48.79,23.41448974609375,ddp,0.0,1,128,256,"'v_proj', 'q_proj', 'down_proj', 'k_proj', 'gate_proj', 'o_proj', 'up_proj'",0.6057,0.6533666849136353,0.6160555481910706,0.8168642951251647,0.8445322793148881,0.7580358592296027,0.7842149767614086,517.8127,6.1641,6.1735,530.4582488536835
amazon,distilbert/distilbert_base_uncased_amazon,unknown,distilbert,512,Full,adamw_torch,2e-05,linear,0,0,32,32,1,,3,steps,50,loss,,NVIDIA RTX A6000,2,25.65,12.30859375,25.89,12.42620849609375,ddp,0.0,1,128,256,"'v_proj', 'q_proj', 'down_proj', 'k_proj', 'gate_proj', 'o_proj', 'up_proj'",0.8737,0.8752126693725586,0.7992594838142395,0.769433465085639,0.8023715415019763,0.7057370823122107,0.7304683475110718,270.4938,3.3135,3.3113,277.0393190383911
amazon,google_bert/bert_base_uncased_amazon,unknown,bert,512,Full,adamw_torch,2e-05,linear,0,0,32,32,1,,3,steps,50,loss,,NVIDIA RTX A6000,2,47.24,22.671875,47.49,22.78948974609375,ddp,0.0,1,128,256,"'v_proj', 'q_proj', 'down_proj', 'k_proj', 'gate_proj', 'o_proj', 'up_proj'",0.7155,0.7624495625495911,0.7041073441505432,0.7990777338603425,0.8234519104084321,0.737899398177117,0.7588418846767375,516.3205,6.3986,6.4031,529.3008933067322
scotus,Qwen/Qwen1.5_1.8B_scotus,unknown,qwen2,512,Full,adamw_torch,5e-06,linear,0,0,16,16,1,50.0,3,steps,50,loss,bfloat16,NVIDIA RTX A6000,2,82.88,39.7734375,86.66,41.58441162109375,deepspeed_stage1,0.1,1,128,256,"'v_proj', 'q_proj', 'down_proj', 'k_proj', 'gate_proj', 'o_proj', 'up_proj'",0.2461,0.8990513682365417,1.0147544145584106,0.7235714285714285,0.7078571428571429,0.6319620653793689,0.5962640145970961,998.7801,13.1534,13.1294,1032.0737521648407
scotus,google/gemma_2b_scotus,unknown,gemma,512,Full,adamw_torch,5e-06,linear,0,0,16,16,1,50.0,3,steps,50,loss,bfloat16,NVIDIA RTX A6000,2,98.79,47.40625,99.1,47.55511474609375,deepspeed_stage1,0.1,1,128,256,"'v_proj', 'q_proj', 'down_proj', 'k_proj', 'gate_proj', 'o_proj', 'up_proj'",0.0671,0.8415960073471069,0.9601116180419922,0.7392857142857143,0.7085714285714285,0.6484356973536974,0.5738296826706597,1436.8726,18.3278,18.474,1487.8416273593905
scotus,google_t5/t5_base_scotus,unknown,t5,512,Full,adamw_torch,5e-04,linear,0,0,16,16,1,,3,steps,50,loss,,NVIDIA RTX A6000,2,80.19,38.48046875,80.43,38.59808349609375,ddp,0.0,1,128,256,"'v_proj', 'q_proj', 'down_proj', 'k_proj', 'gate_proj', 'o_proj', 'up_proj'",0.4925,0.9654857516288756,1.0539882183074951,0.725,0.7057142857142857,0.6405411371642029,0.6017746963542809,697.1581,17.3991,17.463,732.8578903675079
scotus,google_t5/t5_small_scotus,unknown,t5,512,Full,adamw_torch,5e-04,linear,0,0,16,16,1,,3,steps,50,loss,,NVIDIA RTX A6000,2,88.91,42.6640625,89.15,42.78167724609375,ddp,0.0,1,128,256,"'v_proj', 'q_proj', 'down_proj', 'k_proj', 'gate_proj', 'o_proj', 'up_proj'",0.7131,1.0935142040252686,1.172593116760254,0.6821428571428572,0.6628571428571428,0.5265998641267748,0.4601559518274773,213.939,5.7162,5.7096,225.3614296913147
scotus,google/flan_t5_base_scotus,unknown,t5,512,Full,adamw_torch,5e-04,linear,0,0,16,16,1,,3,steps,50,loss,,NVIDIA RTX A6000,2,94.73,45.4609375,94.98,45.57855224609375,ddp,0.0,1,128,256,"'v_proj', 'q_proj', 'down_proj', 'k_proj', 'gate_proj', 'o_proj', 'up_proj'",0.4878,1.0233938694000244,1.0335761308670044,0.6971428571428572,0.6935714285714286,0.569565895070049,0.5300151134910627,768.3829,19.2541,19.3666,808.2208161354065
scotus,google/flan_t5_small_scotus,unknown,t5,512,Full,adamw_torch,5e-04,linear,0,0,16,16,1,,3,steps,50,loss,,NVIDIA RTX A6000,2,94.17,45.19140625,94.42,45.30902099609375,ddp,0.0,1,128,256,"'v_proj', 'q_proj', 'down_proj', 'k_proj', 'gate_proj', 'o_proj', 'up_proj'",0.6425,1.0592905282974243,1.1443482637405396,0.6778571428571428,0.6685714285714286,0.5483426146837878,0.49623339103702135,241.8148,6.292,6.3003,254.39855027198792
scotus,distilbert/distilroberta_base_scotus,unknown,roberta,512,Full,adamw_torch,2e-05,linear,0,0,32,32,1,,3,steps,50,loss,,NVIDIA RTX A6000,2,27.02,12.96875,27.27,13.08636474609375,ddp,0.0,1,128,256,"'v_proj', 'q_proj', 'down_proj', 'k_proj', 'gate_proj', 'o_proj', 'up_proj'",1.0295,1.2042982578277588,1.2044572830200195,0.6435714285714286,0.6414285714285715,0.37232518679340426,0.35918486989144394,111.0555,3.0597,3.2502,117.38533473014832
scotus,FacebookAI/roberta_base_scotus,unknown,roberta,512,Full,adamw_torch,2e-05,linear,0,0,32,32,1,,3,steps,50,loss,,NVIDIA RTX A6000,2,48.55,23.296875,48.79,23.41448974609375,ddp,0.0,1,128,256,"'v_proj', 'q_proj', 'down_proj', 'k_proj', 'gate_proj', 'o_proj', 'up_proj'",0.9064,1.1098196506500244,1.128248691558838,0.67,0.665,0.39868009231538054,0.38896690389367816,212.1126,5.8074,5.8201,224.19184827804563
scotus,distilbert/distilbert_base_uncased_scotus,unknown,distilbert,512,Full,adamw_torch,2e-05,linear,0,0,32,32,1,,3,steps,50,loss,,NVIDIA RTX A6000,2,25.65,12.30859375,25.89,12.42620849609375,ddp,0.0,1,128,256,"'v_proj', 'q_proj', 'down_proj', 'k_proj', 'gate_proj', 'o_proj', 'up_proj'",1.176,1.3578885793685913,1.3581498861312866,0.6307142857142857,0.6257142857142857,0.35661357415406153,0.3505674565385377,110.2456,3.0652,3.2597,116.48107695579527
scotus,google_bert/bert_base_uncased_scotus,unknown,bert,512,Full,adamw_torch,2e-05,linear,0,0,32,32,1,,3,steps,50,loss,,NVIDIA RTX A6000,2,47.24,22.671875,47.49,22.78948974609375,ddp,0.0,1,128,256,"'v_proj', 'q_proj', 'down_proj', 'k_proj', 'gate_proj', 'o_proj', 'up_proj'",1.0594,1.2889052629470823,1.2816952466964722,0.6535714285714286,0.6521428571428571,0.3904136303696188,0.37202780966454846,211.6407,5.9038,5.9093,223.77915215492249
twitter,google_t5/t5_base_twitter,unknown,t5,512,Full,adamw_torch,5e-04,linear,0,0,16,16,1,,3,steps,50,loss,,NVIDIA RTX A6000,2,70.92,34.033203125,71.16,34.15081787109375,ddp,0.0,1,128,256,"'v_proj', 'q_proj', 'down_proj', 'k_proj', 'gate_proj', 'o_proj', 'up_proj'",0.317,0.4828238189220429,0.4992624819278717,0.7683823529411765,0.7702205882352942,0.7287234042553192,0.7238096398558935,1131.9232,13.2493,13.3097,1159.6089205741882
twitter,google_t5/t5_small_twitter,unknown,t5,512,Full,adamw_torch,5e-04,linear,0,0,16,16,1,,3,steps,50,loss,,NVIDIA RTX A6000,2,63.2,30.328125,63.44,30.44573974609375,ddp,0.0,1,128,256,"'v_proj', 'q_proj', 'down_proj', 'k_proj', 'gate_proj', 'o_proj', 'up_proj'",0.3613,0.49226054549217224,0.505251944065094,0.7555147058823529,0.7564338235294118,0.7087419287313013,0.7090683061846194,346.6007,4.3143,4.367,355.36848306655884
twitter,google/flan_t5_base_twitter,unknown,t5,512,Full,adamw_torch,5e-04,linear,0,0,16,16,1,,3,steps,50,loss,,NVIDIA RTX A6000,2,85.36,40.9609375,85.6,41.07855224609375,ddp,0.0,1,128,256,"'v_proj', 'q_proj', 'down_proj', 'k_proj', 'gate_proj', 'o_proj', 'up_proj'",0.2553,0.5056472420692444,0.4944296479225158,0.7509191176470589,0.7573529411764706,0.716105501438017,0.7219976771196284,1244.9964,14.7033,14.7659,1275.2933781147003
twitter,google/flan_t5_small_twitter,unknown,t5,512,Full,adamw_torch,5e-04,linear,0,0,16,16,1,,3,steps,50,loss,,NVIDIA RTX A6000,2,68.47,32.857421875,68.71,32.97503662109375,ddp,0.0,1,128,256,"'v_proj', 'q_proj', 'down_proj', 'k_proj', 'gate_proj', 'o_proj', 'up_proj'",0.3237,0.49258747696876526,0.4900989532470703,0.7564338235294118,0.7711397058823529,0.7110972832202552,0.7299303472469367,391.8132,4.8148,4.8113,401.5597894191742
twitter,distilbert/distilroberta_base_twitter,unknown,roberta,512,Full,adamw_torch,2e-05,linear,0,0,32,32,1,,3,steps,50,loss,,NVIDIA RTX A6000,2,27.02,12.96875,27.27,13.08636474609375,ddp,0.0,1,128,256,"'v_proj', 'q_proj', 'down_proj', 'k_proj', 'gate_proj', 'o_proj', 'up_proj'",0.3717,0.4818899631500244,0.481440156698227,0.7674632352941176,0.7784926470588235,0.7176475415301135,0.7268709343083182,186.1104,2.2863,2.2879,190.90518474578855
twitter,FacebookAI/roberta_base_twitter,unknown,roberta,512,Full,adamw_torch,2e-05,linear,0,0,32,32,1,,3,steps,50,loss,,NVIDIA RTX A6000,2,48.55,23.296875,48.79,23.41448974609375,ddp,0.0,1,128,256,"'v_proj', 'q_proj', 'down_proj', 'k_proj', 'gate_proj', 'o_proj', 'up_proj'",0.345,0.4757159650325775,0.4831437468528747,0.765625,0.7720588235294118,0.7362674968511609,0.7403900922120106,352.4759,4.3335,4.3357,361.610520362854
twitter,distilbert/distilbert_base_uncased_twitter,unknown,distilbert,512,Full,adamw_torch,2e-05,linear,0,0,32,32,1,,3,steps,50,loss,,NVIDIA RTX A6000,2,25.65,12.30859375,25.89,12.42620849609375,ddp,0.0,1,128,256,"'v_proj', 'q_proj', 'down_proj', 'k_proj', 'gate_proj', 'o_proj', 'up_proj'",0.3556,0.4840017259120941,0.47599148750305176,0.7647058823529411,0.7830882352941176,0.7140310889340644,0.7338419437764325,184.2825,2.3608,2.3585,189.04956007003784
twitter,google_bert/bert_base_uncased_twitter,unknown,bert,512,Full,adamw_torch,2e-05,linear,0,0,32,32,1,,3,steps,50,loss,,NVIDIA RTX A6000,2,47.24,22.671875,47.49,22.78948974609375,ddp,0.0,1,128,256,"'v_proj', 'q_proj', 'down_proj', 'k_proj', 'gate_proj', 'o_proj', 'up_proj'",0.3378,0.4839668273925781,0.4792376756668091,0.7784926470588235,0.7702205882352942,0.746026580190484,0.7405372405372406,344.858,4.5349,4.5358,354.1610596179962
